# SEM-1 flash layout (4 MB, same for the DevKit and the ESP32-C3-WROOM-02).
# Same app slots as the Arduino IDE's "Minimal SPIFFS" scheme, so the IDE's
# size check is exact.
#  - two app slots: a firmware update is written to the spare slot and only
#    used once it is complete and verified, so a failed update can't brick a unit
#  - datalog: offline history ring, 32 sectors x 204 records = ~22 days at 5 min
#    (the kWh counter itself is never lost; only old 5-min detail is overwritten)
#  - coredump: crash report, kept for diagnosing units in the field
# Name,    Type, SubType, Offset,   Size,     Flags
nvs,       data, nvs,     0x9000,   0x5000,
otadata,   data, ota,     0xe000,   0x2000,
app0,      app,  ota_0,   0x10000,  0x1E0000,
app1,      app,  ota_1,   0x1F0000, 0x1E0000,
datalog,   data, 0x40,    0x3D0000, 0x20000,
coredump,  data, coredump,0x3F0000, 0x10000,
